,white,black,white_elo,black_elo,result,nmoves,nstarting_move,pgn_base,temperature,random_engine,has_illegal,illegal_move,folder_name,base_pgn_prompt
0,Stockfish,gpt-3.5-turbo-instruct,1954,?,0-1,112,1,0,0.1,False,False,,games-repro/game2f11365b-4426-45fa-9740-2f34a293b0d9,True
1,Stockfish,gpt-3.5-turbo-instruct,1954,?,*,117,1,0,0.2,False,True,1-0,games-repro/game22290b25-a8fe-42ea-bdc8-9590271d8158,True
2,Stockfish,gpt-3.5-turbo-instruct,1954,?,*,109,1,0,0.3,False,True,1-0,games-repro/game185f93af-b96b-404e-8347-fb96b4d9b538,True
3,Stockfish,gpt-3.5-turbo-instruct,1954,?,*,25,1,0,0.4,False,True,1-0,games-repro/game851b1424-1b39-4d2b-81ac-1f1dfb5cf5ea,True
4,Stockfish,gpt-3.5-turbo-instruct,1954,?,*,115,1,0,0.5,False,True,1-0,games-repro/game3122d562-459c-4b42-98d0-894f677cb592,True
5,Stockfish,gpt-3.5-turbo-instruct,1954,?,1-0,43,1,0,0.6,False,False,,games-repro/gamec53ddf67-6d7a-42a7-a786-c52ba982621f,True
6,Stockfish,gpt-3.5-turbo-instruct,1954,?,*,93,1,0,0.7,False,True,1-0,games-repro/game8dc02d73-db18-4c22-acda-81a685afdbf4,True
7,Stockfish,gpt-3.5-turbo-instruct,1954,?,*,49,1,0,0.8,False,True,1-0,games-repro/gameff6e9e35-c6ca-442b-a14d-1fbbe43f0fad,True
8,Stockfish,gpt-3.5-turbo-instruct,1954,?,*,129,1,0,0.9,False,True,1-0,games-repro/gamed317cca6-244a-4e57-9dbd-670be99669c0,True
9,Stockfish,gpt-3.5-turbo-instruct,1954,?,*,73,1,0,1.0,False,True,1-0,games-repro/game12c1a53f-6425-49a1-ae6c-e4435d08d1f8,True
10,Stockfish,gpt-3.5-turbo-instruct,1954,?,1-0,261,1,0,0.1,False,False,,games-repro/game29ee7dcd-b93a-4b51-b7dc-de3ed6b9926b,True
11,Stockfish,gpt-3.5-turbo-instruct,1954,?,0-1,88,1,0,0.2,False,False,,games-repro/gamec94770ef-c560-4508-9b81-c8e508748e76,True
12,Stockfish,gpt-3.5-turbo-instruct,1954,?,1-0,65,1,0,0.3,False,False,,games-repro/gamec8201d25-7fa9-472b-95a0-d520b4b117c1,True
13,Stockfish,gpt-3.5-turbo-instruct,1954,?,*,123,1,0,0.4,False,True,1-0,games-repro/game7732941a-cbc8-4084-8be6-bfb2e7d9cf2e,True
14,Stockfish,gpt-3.5-turbo-instruct,1954,?,1-0,131,1,0,0.5,False,False,,games-repro/gamea0480ed1-622c-4476-899d-08c0ce1cf35b,True
15,Stockfish,gpt-3.5-turbo-instruct,1954,?,*,81,1,0,0.6,False,True,1-0,games-repro/gamea4529c4d-ed46-4e0b-8060-78fb315511a3,True
16,Stockfish,gpt-3.5-turbo-instruct,1954,?,*,91,1,0,0.7,False,True,1-0,games-repro/gamee98e7fb5-2db7-4c80-9b78-785a48efbaf2,True
17,Stockfish,gpt-3.5-turbo-instruct,1954,?,1-0,121,1,0,0.8,False,False,,games-repro/game84b386c6-e48c-4d12-be69-e78712f1dbd6,True
18,Stockfish,gpt-3.5-turbo-instruct,1954,?,*,1,1,0,0.9,False,True,{A,games-repro/gamee41f6070-4f83-486e-b1ba-1fe1fa5128aa,True
19,Stockfish,gpt-3.5-turbo-instruct,1954,?,*,93,1,0,0.1,False,True,Kf4,games-repro/game366dd8eb-422e-41b8-9f97-f4565322c441,True
20,Stockfish,gpt-3.5-turbo-instruct,1954,?,*,31,1,0,1.0,False,True,-O,games-repro/game94be2159-a739-4163-864c-953ed371f8d1,True
21,Stockfish,gpt-3.5-turbo-instruct,1954,?,*,93,1,0,0.2,False,True,1-0,games-repro/game35f7e8bd-8de2-4dc0-bd47-c4445e120641,True
22,Stockfish,gpt-3.5-turbo-instruct,1954,?,1/2-1/2,213,1,0,0.3,False,False,,games-repro/game413dd81c-fad3-40c7-a804-e5fe1aa14e83,True
23,Stockfish,gpt-3.5-turbo-instruct,1954,?,*,151,1,0,0.4,False,True,1-0,games-repro/game3f28c4f4-5129-458d-aa53-18c4d64b025d,True
24,Stockfish,gpt-3.5-turbo-instruct,1954,?,1-0,207,1,0,0.5,False,False,,games-repro/gamef5e2251f-4bf2-4631-a3ba-e5cde23f8039,True
25,Stockfish,gpt-3.5-turbo-instruct,1954,?,1-0,63,1,0,0.6,False,False,,games-repro/game951acfca-cde6-49b3-8850-f319c79fc5fc,True
26,Stockfish,gpt-3.5-turbo-instruct,1954,?,*,51,1,0,0.7,False,True,1-0,games-repro/game622effdb-fa97-464b-b600-424a8258835a,True
27,Stockfish,gpt-3.5-turbo-instruct,1954,?,1/2-1/2,150,1,0,0.8,False,False,,games-repro/gamef9d387fe-db01-42eb-81fc-1ea60c2f31ce,True
28,Stockfish,gpt-3.5-turbo-instruct,1954,?,*,143,1,0,0.9,False,True,1-0,games-repro/game7e9e07fe-bc0c-47f2-89d0-5e6469418b35,True
29,Stockfish,gpt-3.5-turbo-instruct,1954,?,*,1,1,0,1.0,False,True,{[%clk,games-repro/game2c13d928-b6d9-4b92-8c48-15935820c747,True
30,Stockfish,gpt-3.5-turbo-instruct,1785,?,*,1,1,0,0.8,False,True,{M.,games-repro/game051d6c13-e880-49d1-9aac-6f19b81a0c62,True
31,Stockfish,gpt-3.5-turbo-instruct,1871,?,1-0,219,1,0,0.0,False,False,,games-repro/game05f0c57b-1afa-44e8-83c7-7a9cd807b2a7,True
32,Stockfish,gpt-3.5-turbo-instruct,1871,?,0-1,72,1,0,0.8,False,False,,games-repro/game07f12329-971e-430b-8f5c-76bbb24a6787,True
33,Stockfish,gpt-3.5-turbo-instruct,1785,?,*,109,1,0,0.8,False,True,1-0,games-repro/game09506e30-1b59-4703-b691-bb4f9a8bdff4,True
34,Stockfish,gpt-3.5-turbo-instruct,1785,?,0-1,82,1,0,0.0,False,False,,games-repro/game0bf6e081-e7ad-4b54-9895-2d8d4aff98c7,True
35,Stockfish,gpt-3.5-turbo-instruct,1785,?,*,99,1,0,0.8,False,True,1-0,games-repro/game0bfec5bf-c410-4c2d-b3cf-9550c3b2a749,True
36,Stockfish,gpt-3.5-turbo-instruct,1785,?,1-0,57,1,0,0.0,False,False,,games-repro/game0d2fb984-13d9-4ab9-8a1a-1490db4eec92,True
37,Stockfish,gpt-3.5-turbo-instruct,1785,?,*,87,1,0,0.0,False,True,1-0,games-repro/game0db851de-3b73-4424-ab98-75032097c82d,True
38,Stockfish,gpt-3.5-turbo-instruct,1785,?,0-1,104,1,0,0.0,False,False,,games-repro/game0e48d69a-4eea-4692-a7b6-bce5606d393e,True
39,Stockfish,gpt-3.5-turbo-instruct,1785,?,1/2-1/2,238,1,0,0.8,False,False,,games-repro/game104553a6-e23d-4e0b-a72e-011e46fad469,True
40,Stockfish,gpt-3.5-turbo-instruct,1871,?,1/2-1/2,90,1,0,0.0,False,False,,games-repro/game121fd0b7-f1cb-402c-b2d6-f38c76bf5abe,True
41,Stockfish,gpt-3.5-turbo-instruct,1871,?,1-0,253,1,0,0.0,False,False,,games-repro/game1574c069-d4fb-4156-9c42-800bddc59819,True
42,Stockfish,gpt-3.5-turbo-instruct,1871,?,*,59,1,0,0.8,False,True,1-0,games-repro/game1765556f-d8a4-492c-bf71-d39a9e53a3c8,True
43,Stockfish,gpt-3.5-turbo-instruct,1871,?,1-0,215,1,0,0.0,False,False,,games-repro/game19d0166d-cb9c-41e2-98d8-b079627af548,True
44,Stockfish,gpt-3.5-turbo-instruct,1785,?,*,75,1,0,0.8,False,True,1-0,games-repro/game1c2b06f6-efcc-4a5e-9734-110573a7bb7a,True
45,Stockfish,gpt-3.5-turbo-instruct,1871,?,1-0,89,1,0,0.0,False,False,,games-repro/game210bad3f-107a-4598-ac38-9befaf2eb79c,True
46,Stockfish,gpt-3.5-turbo-instruct,1871,?,*,105,1,0,0.0,False,True,1-0,games-repro/game21e99f8e-c7e4-45ca-ab62-36cb88c417c4,True
47,Stockfish,gpt-3.5-turbo-instruct,1785,?,*,117,1,0,0.0,False,True,1-0,games-repro/game2a57c50b-c8fb-40c1-9f09-e997b3e79fe8,True
48,Stockfish,gpt-3.5-turbo-instruct,1871,?,*,1,1,0,0.8,False,True,{[%clk,games-repro/game2ce2d311-6259-4bb9-bd60-db1b5d701042,True
49,Stockfish,gpt-3.5-turbo-instruct,1785,?,0-1,52,1,0,0.0,False,False,,games-repro/game2e2b61fe-abda-4702-bed0-d084bd6f50df,True
50,Stockfish,gpt-3.5-turbo-instruct,1785,?,*,41,1,0,0.8,False,True,Qa7,games-repro/game359d97d4-0d8b-4494-9623-6ee8aad6f27b,True
51,Stockfish,gpt-3.5-turbo-instruct,1785,?,1-0,57,1,0,0.0,False,False,,games-repro/game36b6de75-0584-47a0-8f69-3d158985c246,True
52,Stockfish,gpt-3.5-turbo-instruct,1871,?,*,135,1,0,0.0,False,True,1-0,games-repro/game3841d066-9c6e-4384-a51f-bbad2a648d9d,True
53,Stockfish,gpt-3.5-turbo-instruct,1871,?,1-0,225,1,0,0.0,False,False,,games-repro/game3e14987d-3aab-4afe-8a60-f65b207d546f,True
54,Stockfish,gpt-3.5-turbo-instruct,1785,?,1-0,89,1,0,0.8,False,False,,games-repro/game4217fc2b-546c-4882-a654-2f7ac179dc15,True
55,Stockfish,gpt-3.5-turbo-instruct,1785,?,*,91,1,0,0.8,False,True,1-0,games-repro/game471fec02-e55b-4784-99f4-cd9cc8942450,True
56,Stockfish,gpt-3.5-turbo-instruct,1785,?,0-1,74,1,0,0.0,False,False,,games-repro/game4ac05a1c-bddc-4e47-80d0-5937af651c3c,True
57,Stockfish,gpt-3.5-turbo-instruct,1785,?,1-0,191,1,0,0.0,False,False,,games-repro/game4e5e0591-1431-4691-ad4c-7eb644e3f071,True
58,Stockfish,gpt-3.5-turbo-instruct,1785,?,0-1,98,1,0,0.8,False,False,,games-repro/game5150a86e-5a30-4bda-88f8-f02bb7ead449,True
59,Stockfish,gpt-3.5-turbo-instruct,1871,?,1-0,105,1,0,0.8,False,False,,games-repro/game52e1bc94-75c6-40e2-881a-ea3a7a640002,True
60,Stockfish,gpt-3.5-turbo-instruct,1785,?,*,85,1,0,0.8,False,True,Rxh5,games-repro/game5f02a530-c7dd-4960-b182-4b5c844fa526,True
61,Stockfish,gpt-3.5-turbo-instruct,1871,?,1-0,181,1,0,0.8,False,False,,games-repro/game605400e9-f6fc-407b-8384-e046ad147dfb,True
62,Stockfish,gpt-3.5-turbo-instruct,1785,?,*,169,1,0,0.8,False,True,1-,games-repro/game60e079b3-96a7-4da0-a15c-c515d24cd0cb,True
63,Stockfish,gpt-3.5-turbo-instruct,1871,?,1-0,83,1,0,0.8,False,False,,games-repro/game66a32f90-7d48-4edc-a5e0-f30c35b4692c,True
64,Stockfish,gpt-3.5-turbo-instruct,1785,?,0-1,112,1,0,0.0,False,False,,games-repro/game67312782-4706-45b3-a324-0a5791550349,True
65,Stockfish,gpt-3.5-turbo-instruct,1785,?,0-1,120,1,0,0.0,False,False,,games-repro/game67525b79-fe1a-40a5-b70f-72f9f96f699f,True
66,Stockfish,gpt-3.5-turbo-instruct,1785,?,1/2-1/2,100,1,0,0.0,False,False,,games-repro/game67c2320e-7079-4782-a9c1-eb5adfbfe009,True
67,Stockfish,gpt-3.5-turbo-instruct,1785,?,1/2-1/2,120,1,0,0.0,False,False,,games-repro/game6865e863-b0be-4b68-a5d8-d36463e5823a,True
68,Stockfish,gpt-3.5-turbo-instruct,1871,?,1/2-1/2,77,1,0,0.0,False,False,,games-repro/game6a99dca6-ff1b-4eab-9d64-40b436ff9d27,True
69,Stockfish,gpt-3.5-turbo-instruct,1785,?,0-1,140,1,0,0.0,False,False,,games-repro/game6b7f7231-22ce-4030-b75b-25e8609abb2d,True
70,Stockfish,gpt-3.5-turbo-instruct,1785,?,1-0,143,1,0,0.0,False,False,,games-repro/game6d2c8c32-0e3e-4761-a2e4-2b312d7ce2dc,True
71,Stockfish,gpt-3.5-turbo-instruct,1785,?,1-0,165,1,0,0.0,False,False,,games-repro/game6ec92420-f39c-4c71-b4f4-10ff4017c3ed,True
72,Stockfish,gpt-3.5-turbo-instruct,1785,?,1-0,137,1,0,0.0,False,False,,games-repro/game756e3f8d-f314-4bd1-b9ce-47e5e06ab422,True
73,Stockfish,gpt-3.5-turbo-instruct,1871,?,0-1,82,1,0,0.0,False,False,,games-repro/game774af9ba-87db-44cf-a842-0c4563cf64bd,True
74,Stockfish,gpt-3.5-turbo-instruct,1785,?,0-1,60,1,0,0.0,False,False,,games-repro/game79ba20fb-c17e-4f54-bbb3-77ee7acf8a45,True
75,Stockfish,gpt-3.5-turbo-instruct,1871,?,*,63,1,0,0.8,False,True,1-0,games-repro/game7b1e6340-9143-4d43-9758-917a5b2b60ec,True
76,Stockfish,gpt-3.5-turbo-instruct,1785,?,1/2-1/2,221,1,0,0.0,False,False,,games-repro/game7dd93f1d-0f92-4a76-874f-b87153f09a04,True
77,Stockfish,gpt-3.5-turbo-instruct,1871,?,1-0,53,1,0,0.0,False,False,,games-repro/game7e962fdc-02bb-4659-865e-336e91317fb8,True
78,Stockfish,gpt-3.5-turbo-instruct,1785,?,0-1,122,1,0,0.0,False,False,,games-repro/game7fa297fc-228a-4ac1-a9f4-bb660c4666b6,True
79,Stockfish,gpt-3.5-turbo-instruct,1871,?,1/2-1/2,178,1,0,0.0,False,False,,games-repro/game80ffb501-dce7-46ed-a556-7a1f208467c8,True
80,Stockfish,gpt-3.5-turbo-instruct,1785,?,*,55,1,0,0.0,False,True,1-0,games-repro/game81394b78-37bc-4431-bd72-8ccff199ab9c,True
81,Stockfish,gpt-3.5-turbo-instruct,1871,?,1-0,77,1,0,0.0,False,False,,games-repro/game81dda91b-f4b1-4368-870c-749453cbf379,True
82,Stockfish,gpt-3.5-turbo-instruct,1871,?,1-0,93,1,0,0.0,False,False,,games-repro/game838ac520-70f9-4625-b018-11c588a8c735,True
83,Stockfish,gpt-3.5-turbo-instruct,1871,?,0-1,120,1,0,0.0,False,False,,games-repro/game8924a06b-7d99-415e-a99f-cb6ffeda6a49,True
84,Stockfish,gpt-3.5-turbo-instruct,1785,?,1-0,103,1,0,0.8,False,False,,games-repro/game89763b2e-d6a7-4617-a4d8-1c304f72ee8a,True
85,Stockfish,gpt-3.5-turbo-instruct,1785,?,1-0,143,1,0,0.0,False,False,,games-repro/game8a792ce6-8a99-45c5-b2f0-00a0c5035476,True
86,Stockfish,gpt-3.5-turbo-instruct,1785,?,1-0,73,1,0,0.0,False,False,,games-repro/game8cea71d7-bbae-4974-91a4-0eb51edda9bc,True
87,Stockfish,gpt-3.5-turbo-instruct,1785,?,*,83,1,0,0.8,False,True,1-,games-repro/game8ed646ee-4f80-428d-bb0e-724d4398c32d,True
88,Stockfish,gpt-3.5-turbo-instruct,1785,?,1-0,81,1,0,0.8,False,False,,games-repro/game922c2821-46e8-4316-9ed3-c7e718593de6,True
89,Stockfish,gpt-3.5-turbo-instruct,1785,?,*,75,1,0,0.8,False,True,1-0,games-repro/game92a44b89-8e56-4f1b-985a-30680504fd98,True
90,Stockfish,gpt-3.5-turbo-instruct,1871,?,*,71,1,0,0.0,False,True,1-0,games-repro/game9308ca4b-a6ef-42e5-ac3e-b2238979f621,True
91,Stockfish,gpt-3.5-turbo-instruct,1871,?,*,55,1,0,0.8,False,True,1-0,games-repro/game93e2cca4-186e-48a5-ad24-fa4b830cf3ff,True
92,Stockfish,gpt-3.5-turbo-instruct,1871,?,*,91,1,0,0.0,False,True,1-0,games-repro/game96968e85-7bb4-4bbd-a819-c0af910fdcf2,True
93,Stockfish,gpt-3.5-turbo-instruct,1871,?,1/2-1/2,106,1,0,0.0,False,False,,games-repro/game99371010-b5af-48d4-adbc-4fcfda798304,True
94,Stockfish,gpt-3.5-turbo-instruct,1785,?,*,59,1,0,0.0,False,True,1-0,games-repro/game9adac1de-d1eb-419d-8d36-5e048ede1afa,True
95,Stockfish,gpt-3.5-turbo-instruct,1871,?,1/2-1/2,251,1,0,0.0,False,False,,games-repro/game9c7e0d52-bf1e-464a-a5b5-695c4b80e89e,True
96,Stockfish,gpt-3.5-turbo-instruct,1871,?,0-1,90,1,0,0.0,False,False,,games-repro/gamea243ac84-c2a6-4586-8b97-c91fc3e35006,True
97,Stockfish,gpt-3.5-turbo-instruct,1871,?,1-0,131,1,0,0.0,False,False,,games-repro/gamea39f8ada-ba2b-4373-a611-16c4bc8d43fe,True
98,Stockfish,gpt-3.5-turbo-instruct,1871,?,1-0,75,1,0,0.8,False,False,,games-repro/gameb0292f61-af35-4f46-885b-3e6caf311d9c,True
99,Stockfish,gpt-3.5-turbo-instruct,1785,?,*,143,1,0,0.0,False,True,1-0,games-repro/gameb32920fe-6018-41a0-a5a2-20c04921beda,True
100,Stockfish,gpt-3.5-turbo-instruct,1871,?,*,1,1,0,0.8,False,True,{(Leko-G,games-repro/gameb34046f8-b640-49e0-9ef5-94f35774746b,True
101,Stockfish,gpt-3.5-turbo-instruct,1871,?,0-1,64,1,0,0.0,False,False,,games-repro/gameb4fab701-1b8e-496a-b72c-8a980876f369,True
102,Stockfish,gpt-3.5-turbo-instruct,1785,?,1-0,77,1,0,0.0,False,False,,games-repro/gameb664b2ea-f333-40d8-b9fa-4dc0fc96572c,True
103,Stockfish,gpt-3.5-turbo-instruct,1871,?,*,119,1,0,0.8,False,True,1-0,games-repro/gameb6919411-b671-4dba-8b2b-ec78b25d664b,True
104,Stockfish,gpt-3.5-turbo-instruct,1785,?,0-1,54,1,0,0.0,False,False,,games-repro/gameb924a797-cb2c-4629-ab39-b004f3852cd3,True
105,Stockfish,gpt-3.5-turbo-instruct,1871,?,1/2-1/2,213,1,0,0.0,False,False,,games-repro/gamebb23a14c-73b6-4be5-b9b0-880a2bf26d1b,True
106,Stockfish,gpt-3.5-turbo-instruct,1785,?,0-1,116,1,0,0.0,False,False,,games-repro/gamebb867f3b-78c8-4208-b91d-15d1f8414ccd,True
107,Stockfish,gpt-3.5-turbo-instruct,1785,?,*,81,1,0,0.0,False,True,1-0,games-repro/gamebc0b7901-0b02-4992-b2b8-973ba493428a,True
108,Stockfish,gpt-3.5-turbo-instruct,1871,?,0-1,54,1,0,0.0,False,False,,games-repro/gamebc29e499-bd9a-4a85-810a-a359554e7b0c,True
109,Stockfish,gpt-3.5-turbo-instruct,1871,?,*,63,1,0,0.8,False,True,1-0,games-repro/gamebd29cc4e-cd5d-459b-af0c-5a06ecbbaa66,True
110,Stockfish,gpt-3.5-turbo-instruct,1785,?,0-1,76,1,0,0.0,False,False,,games-repro/gamebef02541-95a0-4269-983e-11543e7948ea,True
111,Stockfish,gpt-3.5-turbo-instruct,1871,?,1-0,101,1,0,0.0,False,False,,games-repro/gamec0bbc109-5b91-4b95-86c5-c4d6d7f1266d,True
112,Stockfish,gpt-3.5-turbo-instruct,1785,?,0-1,64,1,0,0.0,False,False,,games-repro/gamec7e72f2d-b04c-4efb-b105-4ee0d3c51ef8,True
113,Stockfish,gpt-3.5-turbo-instruct,1871,?,1/2-1/2,130,1,0,0.0,False,False,,games-repro/gamec863bc5c-88fd-4f38-b956-0e8f4ea30a2e,True
114,Stockfish,gpt-3.5-turbo-instruct,1871,?,*,59,1,0,0.0,False,True,1-0,games-repro/gamec8687237-eba0-4e00-9567-f3ededbb0c1a,True
115,Stockfish,gpt-3.5-turbo-instruct,1871,?,*,49,1,0,0.8,False,True,1-,games-repro/gamecc149135-d136-4907-ba88-ba67b26ec892,True
116,Stockfish,gpt-3.5-turbo-instruct,1871,?,1-0,79,1,0,0.8,False,False,,games-repro/gamecc2a4e01-9ea2-4c0f-802b-8ec6da9a5728,True
117,Stockfish,gpt-3.5-turbo-instruct,1785,?,1-0,137,1,0,0.0,False,False,,games-repro/gameccd78c29-9d12-4ebe-9dac-cebc92ccb897,True
118,Stockfish,gpt-3.5-turbo-instruct,1785,?,*,97,1,0,0.0,False,True,1-0,games-repro/gamed187d1da-c52b-4ed7-bf22-0c30229f87d0,True
119,Stockfish,gpt-3.5-turbo-instruct,1871,?,*,45,1,0,0.8,False,True,1-0,games-repro/gamed6cf223b-3eaf-42c5-bece-bad715cb5ab3,True
120,Stockfish,gpt-3.5-turbo-instruct,1785,?,*,87,1,0,0.0,False,True,1-0,games-repro/gamed6e527fb-9a9d-4614-8ae8-77cfa9963ffd,True
121,Stockfish,gpt-3.5-turbo-instruct,1871,?,1-0,101,1,0,0.0,False,False,,games-repro/gamed708f819-9d54-4e85-8172-ce04b71968c0,True
122,Stockfish,gpt-3.5-turbo-instruct,1871,?,*,103,1,0,0.8,False,True,1-0,games-repro/gamed8a995fd-870f-4ffa-902f-f9e090aac6da,True
123,Stockfish,gpt-3.5-turbo-instruct,1785,?,*,51,1,0,0.0,False,True,1-0,games-repro/gamedaa33c57-f516-4203-a5df-da69b4ef5e2c,True
124,Stockfish,gpt-3.5-turbo-instruct,1785,?,1-0,65,1,0,0.8,False,False,,games-repro/gamedcc154e1-7555-4559-9074-3c0c327d43eb,True
125,Stockfish,gpt-3.5-turbo-instruct,1871,?,*,127,1,0,0.0,False,True,1-0,games-repro/gameddc1d9d2-1d00-4b8d-b57e-f7b9d97939f6,True
126,Stockfish,gpt-3.5-turbo-instruct,1785,?,0-1,124,1,0,0.0,False,False,,games-repro/gamedeb06c80-aeaa-4e83-95ef-a220b8615aef,True
127,Stockfish,gpt-3.5-turbo-instruct,1785,?,*,41,1,0,0.0,False,True,1-0,games-repro/gamee0c2e1c2-7f77-4e67-944a-de29893a02bc,True
128,Stockfish,gpt-3.5-turbo-instruct,1785,?,*,31,1,0,0.8,False,True,{The,games-repro/gamee2be5a97-a345-46ea-b003-fe62ebb3330c,True
129,Stockfish,gpt-3.5-turbo-instruct,1871,?,1-0,79,1,0,0.8,False,False,,games-repro/gamee3774df5-84af-4ac4-8d2f-5ab85fe24366,True
130,Stockfish,gpt-3.5-turbo-instruct,1871,?,*,87,1,0,0.8,False,True,1-0,games-repro/gamee54aaf13-0344-4da7-a21f-ec941dfd51af,True
131,Stockfish,gpt-3.5-turbo-instruct,1785,?,*,71,1,0,0.8,False,True,1-0,games-repro/gameea155a26-8d04-4179-b318-eb5a88a55550,True
132,Stockfish,gpt-3.5-turbo-instruct,1871,?,0-1,88,1,0,0.0,False,False,,games-repro/gameeee04bfe-4bb0-41b1-8caa-6577a6a383d3,True
133,Stockfish,gpt-3.5-turbo-instruct,1785,?,*,109,1,0,0.0,False,True,1-0,games-repro/gamef03e1c22-fdf0-412a-ad5b-31f85d20e980,True
134,Stockfish,gpt-3.5-turbo-instruct,1871,?,*,1,1,0,0.8,False,True,{This,games-repro/gamef0fc0dd7-c1ee-483f-b56c-8d359ae390e9,True
135,Stockfish,gpt-3.5-turbo-instruct,1785,?,1-0,153,1,0,0.0,False,False,,games-repro/gamef2485f89-ff1c-4929-8e4e-276215f339f6,True
136,Stockfish,gpt-3.5-turbo-instruct,1785,?,*,63,1,0,0.8,False,True,1-0,games-repro/gamef3cb8c93-c2a1-41fe-9801-6dee3ad07cc7,True
137,Stockfish,gpt-3.5-turbo-instruct,1785,?,1-0,55,1,0,0.8,False,False,,games-repro/gamef427d146-15c9-4221-967d-355af6418b07,True
138,Stockfish,gpt-3.5-turbo-instruct,1871,?,0-1,84,1,0,0.0,False,False,,games-repro/gamef55f758b-8057-4284-9efe-aa8548527774,True
139,Stockfish,gpt-3.5-turbo-instruct,1871,?,1-0,129,1,0,0.0,False,False,,games-repro/gamef81031f9-b056-4750-994a-f4761cceb3ce,True
140,Stockfish,gpt-3.5-turbo-instruct,1785,?,0-1,68,1,0,0.0,False,False,,games-repro/gamefb1351bd-067f-4d1f-81a3-c01ede397a40,True
141,Stockfish,gpt-3.5-turbo-instruct,1871,?,*,163,1,0,0.8,False,True,1-,games-repro/gamefb5ae820-ea09-48b3-957a-e6fad655fc53,True
142,Stockfish,gpt-3.5-turbo-instruct,1954,?,1/2-1/2,104,1,0,0.1,False,False,,games-repro/gamee5904ec5-1ea3-48e4-a0d8-b2989d0164ee,True
143,Stockfish,gpt-3.5-turbo-instruct,1954,?,1-0,149,1,0,0.2,False,False,,games-repro/game31540f71-1725-4a9a-8aff-022b4d1ff411,True
144,Stockfish,gpt-3.5-turbo-instruct,1954,?,*,49,1,0,0.3,False,True,1-0,games-repro/gamed344adcf-fc36-4f03-a9c6-039e906b0eaa,True
145,Stockfish,gpt-3.5-turbo-instruct,1954,?,*,79,1,0,0.4,False,True,1-0,games-repro/game0a2e7e74-dab9-4398-b0df-c9cfcf5ac4ea,True
146,Stockfish,gpt-3.5-turbo-instruct,1954,?,*,67,1,0,0.5,False,True,1-0,games-repro/game279daa51-0169-4881-b620-8bcc913af9d6,True
147,Stockfish,gpt-3.5-turbo-instruct,1954,?,1-0,83,1,0,0.6,False,False,,games-repro/game1f25e5e9-9fef-4762-9da9-82662b6a31ce,True
148,Stockfish,gpt-3.5-turbo-instruct,1954,?,*,29,1,0,0.7,False,True,-O,games-repro/gamef19e5760-30a8-4ef2-8b95-87c3e598bc04,True
149,Stockfish,gpt-3.5-turbo-instruct,1954,?,*,65,1,0,0.8,False,True,1-0,games-repro/game67952229-cc10-413b-8bbb-a9fed1510370,True
150,Stockfish,gpt-3.5-turbo-instruct,1954,?,*,147,1,0,0.9,False,True,1-0,games-repro/game2e0567ca-689e-454f-815d-86fa97e18ce1,True
151,Stockfish,gpt-3.5-turbo-instruct,1954,?,*,79,1,0,1.0,False,True,1-0,games-repro/game909d6617-f5e4-4c31-aa03-425a3a3bb27d,True
152,Stockfish,gpt-3.5-turbo-instruct,1954,?,0-1,80,1,0,0.1,False,False,,games-repro/game315f5662-cdb8-455b-a989-f8b05417d32f,True
153,Stockfish,gpt-3.5-turbo-instruct,1954,?,1-0,103,1,0,0.2,False,False,,games-repro/game0e5180ff-0d44-43a2-97a7-227df0ae4a11,True
154,Stockfish,gpt-3.5-turbo-instruct,1954,?,*,79,1,0,0.3,False,True,1-0,games-repro/game2812c7dd-df92-480e-a6d5-cbb50e126997,True
155,Stockfish,gpt-3.5-turbo-instruct,1954,?,1-0,51,1,0,0.4,False,False,,games-repro/gamefdb1bdbe-8531-4d0a-957f-4d862a6e905e,True
156,Stockfish,gpt-3.5-turbo-instruct,1954,?,*,71,1,0,0.5,False,True,1-0,games-repro/game8c03d956-16dd-4f56-89be-5e844a224d00,True
157,Stockfish,gpt-3.5-turbo-instruct,1954,?,1-0,79,1,0,0.6,False,False,,games-repro/gamecee6fead-e20d-4138-b142-21cb698245af,True
158,Stockfish,gpt-3.5-turbo-instruct,1954,?,1-0,83,1,0,0.7,False,False,,games-repro/game1197b1d9-c329-4242-b31f-c2ba91684722,True
159,Stockfish,gpt-3.5-turbo-instruct,1954,?,*,69,1,0,0.8,False,True,1-0,games-repro/game88461b22-afa4-4d54-a0d4-9f260bc7c3ca,True
160,Stockfish,gpt-3.5-turbo-instruct,1954,?,1-0,137,1,0,0.9,False,False,,games-repro/game9fdc19ab-2378-4dc1-9405-389c54750adf,True
161,Stockfish,gpt-3.5-turbo-instruct,1954,?,*,93,1,0,1.0,False,True,1-0,games-repro/game5a0d6bbd-6759-4d82-9c87-fc8c58b7bdff,True
162,Stockfish,gpt-3.5-turbo-instruct,1954,?,1-0,185,1,0,0.1,False,False,,games-repro/game22027991-1dd6-4602-b32e-262a998b1b10,True
163,Stockfish,gpt-3.5-turbo-instruct,1954,?,*,83,1,0,0.2,False,True,1-0,games-repro/gamec1cabefd-ab67-469a-b042-4c18b463a486,True
164,Stockfish,gpt-3.5-turbo-instruct,1954,?,0-1,94,1,0,0.3,False,False,,games-repro/gameeb8e2813-e5f0-4b7c-94fb-b614057c831f,True
165,Stockfish,gpt-3.5-turbo-instruct,1954,?,1-0,273,1,0,0.4,False,False,,games-repro/game639b5ddf-92cc-48c1-85b5-97869e4eb345,True
166,Stockfish,gpt-3.5-turbo-instruct,1954,?,*,1,1,0,0.5,False,True,{,games-repro/gamed22f181d-a009-42b7-84e6-601528a58324,True
167,Stockfish,gpt-3.5-turbo-instruct,1954,?,*,1,1,0,0.6,False,True,{This,games-repro/game642088f2-95cf-4e56-8ba6-959d905aed50,True
168,Stockfish,gpt-3.5-turbo-instruct,1954,?,1-0,51,1,0,0.7,False,False,,games-repro/game421bf3cd-1887-49c0-9080-0d3a719f45c6,True
169,Stockfish,gpt-3.5-turbo-instruct,1954,?,*,53,1,0,0.8,False,True,1-0,games-repro/game2689c01f-f15f-438b-b9a3-bed813edfce3,True
170,Stockfish,gpt-3.5-turbo-instruct,1954,?,1-0,65,1,0,0.9,False,False,,games-repro/game7c25e269-b76e-4fdb-96ff-c559fbd2b2b5,True
171,Stockfish,gpt-3.5-turbo-instruct,1954,?,1-0,49,1,0,1.0,False,False,,games-repro/game267f0d16-abaa-4931-863e-09c4610dbf78,True
172,Stockfish,gpt-3.5-turbo-instruct,1954,?,*,67,1,0,0.1,False,True,1-0,games-repro/gamec1f3dc99-2e66-4ddf-8adc-1a17250276ce,True
173,Stockfish,gpt-3.5-turbo-instruct,1954,?,0-1,64,1,0,0.2,False,False,,games-repro/gameec7693a7-ea14-4f10-85e7-6290701940df,True
174,Stockfish,gpt-3.5-turbo-instruct,1954,?,1-0,205,1,0,0.3,False,False,,games-repro/game1dc9210c-a15b-478c-96ef-202da9e844dc,True
175,Stockfish,gpt-3.5-turbo-instruct,1954,?,1-0,41,1,0,0.4,False,False,,games-repro/gamece585465-8fc8-4b01-9865-efded9219884,True
176,Stockfish,gpt-3.5-turbo-instruct,1954,?,*,75,1,0,0.5,False,True,1-0,games-repro/gameba735649-efe3-405c-87b3-28c52cadb6c0,True
177,Stockfish,gpt-3.5-turbo-instruct,1954,?,1-0,163,1,0,0.6,False,False,,games-repro/game5413581e-ec30-43e4-b67d-d423540b67ed,True
178,Stockfish,gpt-3.5-turbo-instruct,1954,?,*,169,1,0,0.7,False,True,1-0,games-repro/game67e5336f-a35d-4f3b-9023-f487322b2a45,True
179,Stockfish,gpt-3.5-turbo-instruct,1954,?,*,85,1,0,0.8,False,True,1-0,games-repro/game61b59b30-6a45-48fc-bd6d-cf663ea83da8,True
180,Stockfish,gpt-3.5-turbo-instruct,1954,?,*,81,1,0,0.9,False,True,1-0,games-repro/gamea89ecf34-29e2-48e6-9150-58e70610c2f2,True
181,Stockfish,gpt-3.5-turbo-instruct,1954,?,1-0,119,1,0,1.0,False,False,,games-repro/game8d51d4ec-14fb-4dc7-a21d-13b5cbdc6788,True
182,Stockfish,gpt-3.5-turbo-instruct,1954,?,1-0,211,1,0,0.1,False,False,,games-repro/gamee058f479-4c1b-434a-bcee-36a144dbe261,True
183,Stockfish,gpt-3.5-turbo-instruct,1954,?,1-0,157,1,0,0.2,False,False,,games-repro/game0095394d-7f5b-4aae-a7b3-d619bd27a95a,True
184,Stockfish,gpt-3.5-turbo-instruct,1954,?,*,1,1,0,0.3,False,True,{Carlsen,games-repro/gamebd2028d1-e646-44e8-9854-95dbf8a0ecc0,True
185,Stockfish,gpt-3.5-turbo-instruct,1954,?,*,87,1,0,0.4,False,True,1-0,games-repro/game66ba8f57-9f94-4c5b-a20f-ece38d3f90be,True
186,Stockfish,gpt-3.5-turbo-instruct,1954,?,1/2-1/2,140,1,0,0.5,False,False,,games-repro/gameb6f95fea-3903-4924-8597-0dd9aac46dd8,True
187,Stockfish,gpt-3.5-turbo-instruct,1954,?,1-0,101,1,0,0.6,False,False,,games-repro/game6b9b35b2-d898-4749-9a48-8e1ae478a5d1,True
188,Stockfish,gpt-3.5-turbo-instruct,1954,?,*,117,1,0,0.7,False,True,1-0,games-repro/gamed24196c7-a53f-4db2-82c5-1bb48ddc069e,True
189,Stockfish,gpt-3.5-turbo-instruct,1954,?,*,1,1,0,0.8,False,True,{[%clk,games-repro/game3f351b39-8516-4cd5-b63b-32d29bc5c19c,True
190,Stockfish,gpt-3.5-turbo-instruct,1954,?,*,95,1,0,1.0,False,True,1-0,games-repro/gameacb11ea7-d016-47f2-bf24-141cbc4e6a51,True
191,Stockfish,gpt-3.5-turbo-instruct,1954,?,*,95,1,0,0.1,False,True,Rxf3+,games-repro/gamef3fdf454-5a4e-46ab-aab2-3b69819a31e1,True
192,Stockfish,gpt-3.5-turbo-instruct,1954,?,0-1,106,1,0,0.2,False,False,,games-repro/game6497d9ec-bd9c-42ac-9c1b-c22e97f90db9,True
193,Stockfish,gpt-3.5-turbo-instruct,1954,?,0-1,70,1,0,0.3,False,False,,games-repro/game410473bc-8f35-4365-9823-562501cd6fe5,True
194,Stockfish,gpt-3.5-turbo-instruct,1954,?,*,79,1,0,0.4,False,True,1-0,games-repro/game0a809bfe-6bcb-4dd0-99ae-b4cfbe974273,True
195,Stockfish,gpt-3.5-turbo-instruct,1954,?,*,117,1,0,0.5,False,True,1-0,games-repro/gamec7a55f5c-7331-47f3-86e0-1a8906ccb935,True
196,Stockfish,gpt-3.5-turbo-instruct,1954,?,*,1,1,0,0.6,False,True,{,games-repro/game9650df62-9724-4bc0-bbbf-471d8d8cdb20,True
197,Stockfish,gpt-3.5-turbo-instruct,1954,?,0-1,88,1,0,0.7,False,False,,games-repro/game18fb577c-472f-492f-bdfa-0cfa053bcc67,True
198,Stockfish,gpt-3.5-turbo-instruct,1954,?,*,79,1,0,0.9,False,True,1-0,games-repro/game1581b563-eb1e-465a-a765-71f328900ff4,True
199,Stockfish,gpt-3.5-turbo-instruct,1954,?,*,163,1,0,1.0,False,True,1-0,games-repro/game164cffe3-670b-4780-a447-84bc46687d9c,True
200,Stockfish,gpt-3.5-turbo-instruct,1954,?,1-0,75,1,0,0.1,False,False,,games-repro/gamefcab9b84-c32b-40f8-85a9-e744d75355ff,True
201,Stockfish,gpt-3.5-turbo-instruct,1954,?,*,55,1,0,0.2,False,True,1-0,games-repro/game232bd35c-6416-493b-bc81-9114a08bcc0c,True
202,Stockfish,gpt-3.5-turbo-instruct,1954,?,1-0,117,1,0,0.3,False,False,,games-repro/gamea4d59fd8-8c1b-4ab9-a276-64a725b4262a,True
203,Stockfish,gpt-3.5-turbo-instruct,1954,?,*,113,1,0,0.4,False,True,1-0,games-repro/gamefa4b58d4-3f10-40ed-afe9-0cb6f4e404b1,True
204,Stockfish,gpt-3.5-turbo-instruct,1954,?,1-0,111,1,0,0.5,False,False,,games-repro/gamea64fc569-1c06-4ee0-b9b4-90b9938204fa,True
205,Stockfish,gpt-3.5-turbo-instruct,1954,?,*,111,1,0,0.6,False,True,1-0,games-repro/game6342572a-bad4-4f9a-8392-1db6511b705b,True
206,Stockfish,gpt-3.5-turbo-instruct,1954,?,*,105,1,0,0.7,False,True,1-0,games-repro/game0a8ff865-f3c7-471c-8dc1-35c91daa6037,True
207,Stockfish,gpt-3.5-turbo-instruct,1954,?,1-0,63,1,0,0.9,False,False,,games-repro/gamedffa9b1f-4476-4d33-9d40-6a47d1d66f94,True
208,Stockfish,gpt-3.5-turbo-instruct,1954,?,1-0,83,1,0,1.0,False,False,,games-repro/gamebd8d3995-ab7d-4dfd-9467-df9e4a2a9bfb,True
209,Stockfish,gpt-3.5-turbo-instruct,1954,?,1/2-1/2,152,1,0,0.1,False,False,,games-repro/game9509237a-51cb-4f6b-8dc2-b7bc66470e3a,True
210,Stockfish,gpt-3.5-turbo-instruct,1954,?,1-0,61,1,0,0.2,False,False,,games-repro/gameb48def3e-5181-4173-ac23-44405b5f3bd0,True
211,Stockfish,gpt-3.5-turbo-instruct,1954,?,1/2-1/2,83,1,0,0.3,False,False,,games-repro/game32dbfbd3-b6cc-462f-9d96-4462eda57ad1,True
212,Stockfish,gpt-3.5-turbo-instruct,1954,?,1-0,73,1,0,0.4,False,False,,games-repro/game38e2cb49-016a-46bf-83c9-bcc94b0cc5e8,True
213,Stockfish,gpt-3.5-turbo-instruct,1954,?,1-0,155,1,0,0.5,False,False,,games-repro/game033378b5-d645-43a4-ac6f-fa28227cd475,True
214,Stockfish,gpt-3.5-turbo-instruct,1954,?,1-0,129,1,0,0.6,False,False,,games-repro/game3e5fc56d-fd99-4d54-8166-3ed02d1ac69e,True
215,Stockfish,gpt-3.5-turbo-instruct,1954,?,1-0,121,1,0,0.7,False,False,,games-repro/game44c19621-d2b2-476b-810a-c5a6cd1efae8,True
216,Stockfish,gpt-3.5-turbo-instruct,1954,?,*,39,1,0,0.9,False,True,1-0,games-repro/gamefb687d5a-c3f0-4272-b212-bab00bd6f889,True
217,Stockfish,gpt-3.5-turbo-instruct,1954,?,*,83,1,0,1.0,False,True,1-0,games-repro/gamed9dc2581-c91f-46f5-b044-a9fa67f13672,True
218,Stockfish,gpt-3.5-turbo-instruct,1954,?,1-0,107,1,0,0.1,False,False,,games-repro/game4d89e831-aef8-45aa-b360-354e74e7f9ac,True
219,Stockfish,gpt-3.5-turbo-instruct,1954,?,1-0,133,1,0,0.2,False,False,,games-repro/game7eefae2c-4af9-44fa-a183-3f97680519ea,True
220,Stockfish,gpt-3.5-turbo-instruct,1954,?,0-1,74,1,0,0.3,False,False,,games-repro/game3d5226c6-ccfa-440e-9fa1-3f187f387dd9,True
221,Stockfish,gpt-3.5-turbo-instruct,1954,?,0-1,130,1,0,0.4,False,False,,games-repro/game84633655-f9d5-425c-81ab-19855a98fa3b,True
222,Stockfish,gpt-3.5-turbo-instruct,1954,?,*,121,1,0,0.5,False,True,1-0,games-repro/game9e4d616a-a5ec-43c5-a7cb-c9a5fa4498ff,True
223,Stockfish,gpt-3.5-turbo-instruct,1954,?,*,1,1,0,0.6,False,True,{Carlsen,games-repro/game568c1afe-33fe-499e-b20f-5149cf5af548,True
224,Stockfish,gpt-3.5-turbo-instruct,1954,?,*,91,1,0,0.7,False,True,1-0,games-repro/gamecd3e3616-cfa1-4a08-8bb8-41ed5237fc6c,True
225,Stockfish,gpt-3.5-turbo-instruct,1954,?,*,119,1,0,0.9,False,True,1-0,games-repro/game816e365d-58c1-4ac4-9af0-c5d17ed95dd6,True
226,Stockfish,gpt-3.5-turbo-instruct,1954,?,*,9,1,0,1.0,False,True,{One,games-repro/gamec68fbf2a-60ba-4b7d-9ed1-9819c9b8ee80,True
227,Stockfish,gpt-3.5-turbo-instruct,1954,?,1/2-1/2,163,1,0,0.1,False,False,,games-repro/game1a6bd9e2-0dfb-4b31-8ac6-67766a039196,True
228,Stockfish,gpt-3.5-turbo-instruct,1954,?,*,61,1,0,0.2,False,True,1/2-,games-repro/gamee9ea02fd-9e2b-42d1-9d1b-f6d18a6362b7,True
229,Stockfish,gpt-3.5-turbo-instruct,1954,?,1-0,87,1,0,0.3,False,False,,games-repro/gamee5e92a22-a5f0-4bc9-bc55-9ca01b6609a0,True
230,Stockfish,gpt-3.5-turbo-instruct,1954,?,*,121,1,0,0.4,False,True,1-0,games-repro/game66451bdb-c2ca-4bf6-816f-252648870905,True
231,Stockfish,gpt-3.5-turbo-instruct,1954,?,0-1,118,1,0,0.5,False,False,,games-repro/gamec9fe79c0-fcbb-4589-8db9-9a3169dfe886,True
232,Stockfish,gpt-3.5-turbo-instruct,1954,?,1-0,179,1,0,0.6,False,False,,games-repro/gamecc7e7c06-1dd6-4de4-96f8-7a521d20746f,True
233,Stockfish,gpt-3.5-turbo-instruct,1954,?,*,59,1,0,0.7,False,True,1-0,games-repro/gameab0496a7-386e-4ec4-a148-b0d13a657ee7,True
234,Stockfish,gpt-3.5-turbo-instruct,1954,?,*,87,1,0,0.9,False,True,1-0,games-repro/game6b2ef1be-d305-49c7-9b01-fdc2827e5b98,True
235,Stockfish,gpt-3.5-turbo-instruct,1954,?,*,299,1,0,1.0,False,True,1-0,games-repro/game7d98d329-f9c3-4ba1-9790-37735522e3f1,True
236,Stockfish,gpt-3.5-turbo-instruct,1954,?,*,79,1,0,0.1,False,True,1-0,games-repro/game7f25cdb8-a3c7-4b56-b0bf-fc43533bcbf6,True
237,Stockfish,gpt-3.5-turbo-instruct,1954,?,1/2-1/2,163,1,0,0.2,False,False,,games-repro/gamec21827a3-ff40-4269-bded-a8e15b563c3e,True
238,Stockfish,gpt-3.5-turbo-instruct,1954,?,1-0,145,1,0,0.3,False,False,,games-repro/gamed59881f9-a7f9-4876-9d49-fa8aee644360,True
239,Stockfish,gpt-3.5-turbo-instruct,1954,?,1-0,45,1,0,0.4,False,False,,games-repro/gamebf0013bd-5bc1-4c97-a03d-e3f687177fdf,True
240,Stockfish,gpt-3.5-turbo-instruct,1954,?,1-0,115,1,0,0.5,False,False,,games-repro/game2661d248-ae7a-43e5-97e9-3e8fd8fc19c4,True
241,Stockfish,gpt-3.5-turbo-instruct,1954,?,0-1,56,1,0,0.6,False,False,,games-repro/game1e8d1856-b2e3-4716-b04f-ad525032f8cc,True
242,Stockfish,gpt-3.5-turbo-instruct,1954,?,*,47,1,0,0.7,False,True,1-0,games-repro/gamecc3e0aa0-82c6-4938-ae0d-77056acf6fba,True
243,Stockfish,gpt-3.5-turbo-instruct,1954,?,*,61,1,0,0.9,False,True,1-0,games-repro/gamed1016062-78c6-4395-8206-4e02ccb8bff6,True
244,Stockfish,gpt-3.5-turbo-instruct,1954,?,*,1,1,0,1.0,False,True,{,games-repro/game6d2717dc-251a-4cf2-bb9c-67a79d09d2ed,True
245,Stockfish,gpt-3.5-turbo-instruct,1954,?,0-1,130,1,0,0.1,False,False,,games-repro/gamee9724b1a-b497-4d73-85f0-7f9f3ee19a35,True
246,Stockfish,gpt-3.5-turbo-instruct,1954,?,*,33,1,0,0.2,False,True,1-0,games-repro/game53572570-e9a1-4b15-876f-54eba1e08054,True
247,Stockfish,gpt-3.5-turbo-instruct,1954,?,1-0,85,1,0,0.3,False,False,,games-repro/gamee65ac179-6108-423d-819b-c3d3d1c464e3,True
248,Stockfish,gpt-3.5-turbo-instruct,1954,?,1-0,67,1,0,0.4,False,False,,games-repro/gameb1402ce8-b05f-4669-b534-d7292973c237,True
249,Stockfish,gpt-3.5-turbo-instruct,1954,?,1-0,81,1,0,0.5,False,False,,games-repro/gameaa87e577-41ee-464f-882f-a4065827c83c,True
250,Stockfish,gpt-3.5-turbo-instruct,1954,?,1/2-1/2,179,1,0,0.6,False,False,,games-repro/game41ccc72a-875c-422e-ad1f-51c897f391a0,True
251,Stockfish,gpt-3.5-turbo-instruct,1954,?,1/2-1/2,152,1,0,0.7,False,False,,games-repro/game1659806f-c13a-48bb-9d79-b456d8ca15aa,True
252,Stockfish,gpt-3.5-turbo-instruct,1954,?,1-0,103,1,0,0.9,False,False,,games-repro/game20a03082-0ec5-49ed-a794-27f6d7708fb5,True
253,Stockfish,gpt-3.5-turbo-instruct,1785,?,*,121,1,0,0.1,False,True,1-0,games-repro/game1729dc64-62e6-4c41-ac6b-35c00e9a5b27,True
254,Stockfish,gpt-3.5-turbo-instruct,1785,?,0-1,144,1,0,0.2,False,False,,games-repro/game5b698ba8-bf95-41f0-98f8-e689e1297906,True
255,Stockfish,gpt-3.5-turbo-instruct,1785,?,0-1,80,1,0,0.3,False,False,,games-repro/game1fa0b43b-4db5-4013-90a3-55a16bf9c10e,True
256,Stockfish,gpt-3.5-turbo-instruct,1785,?,1-0,127,1,0,0.4,False,False,,games-repro/game6c6229cb-4569-40d2-8637-e4846881a5b6,True
257,Stockfish,gpt-3.5-turbo-instruct,1785,?,1-0,205,1,0,0.5,False,False,,games-repro/gamec86ccd06-79de-4fd2-b8c4-e664085131e6,True
258,Stockfish,gpt-3.5-turbo-instruct,1785,?,1-0,81,1,0,0.6,False,False,,games-repro/game01d93d62-d2f5-4964-b7d8-c8247b7b74ae,True
259,Stockfish,gpt-3.5-turbo-instruct,1785,?,1-0,51,1,0,0.7,False,False,,games-repro/game216016f2-d27e-4c39-aed2-83721cb380a2,True
260,Stockfish,gpt-3.5-turbo-instruct,1785,?,*,79,1,0,0.9,False,True,1-0,games-repro/game2296c459-d162-425a-85cf-f96e4d9baf80,True
261,Stockfish,gpt-3.5-turbo-instruct,1785,?,0-1,116,1,0,1.0,False,False,,games-repro/game97bb0f33-6c4d-473e-ba7e-d8613e35f09d,True
262,Stockfish,gpt-3.5-turbo-instruct,1785,?,0-1,124,1,0,0.1,False,False,,games-repro/game8f91d1ee-23fd-4c3c-83b2-20b5ab719703,True
263,Stockfish,gpt-3.5-turbo-instruct,1785,?,0-1,86,1,0,0.2,False,False,,games-repro/gamec5e887df-29c1-4388-849d-954ce156eb86,True
264,Stockfish,gpt-3.5-turbo-instruct,1785,?,1/2-1/2,105,1,0,0.3,False,False,,games-repro/game3453b209-1893-4646-a04b-8512e6725ea2,True
265,Stockfish,gpt-3.5-turbo-instruct,1785,?,*,87,1,0,0.4,False,True,1-0,games-repro/game71d62821-ecf1-48b6-951a-7e7c67e755a8,True
266,Stockfish,gpt-3.5-turbo-instruct,1785,?,0-1,82,1,0,0.5,False,False,,games-repro/game0afdacbc-40ce-48ee-8d47-5d8bb4d41eed,True
267,Stockfish,gpt-3.5-turbo-instruct,1785,?,1-0,143,1,0,0.6,False,False,,games-repro/gamee984c977-d548-4966-8754-1d558090e22f,True
268,Stockfish,gpt-3.5-turbo-instruct,1785,?,1-0,239,1,0,0.7,False,False,,games-repro/game206b8662-3495-436d-800f-e60de9d7762e,True
269,Stockfish,gpt-3.5-turbo-instruct,1785,?,*,71,1,0,0.9,False,True,1-0,games-repro/gameacebe8c4-0b63-4b47-b847-286fec5a1a7c,True
270,Stockfish,gpt-3.5-turbo-instruct,1785,?,*,1,1,0,1.0,False,True,{,games-repro/game9f2bcbdd-3ebc-4b4f-a12c-5ef610a9b1fe,True
271,Stockfish,gpt-3.5-turbo-instruct,1785,?,1-0,75,1,0,0.1,False,False,,games-repro/gameb5ac1748-fc13-40a3-aeb3-a3985adec43b,True
272,Stockfish,gpt-3.5-turbo-instruct,1785,?,*,127,1,0,0.2,False,True,1-0,games-repro/game6792cbbd-86dd-4688-bfc4-7c1009947a66,True
273,Stockfish,gpt-3.5-turbo-instruct,1785,?,0-1,68,1,0,0.3,False,False,,games-repro/gamed3de2093-6602-4b8e-bc43-7e17af83d582,True
274,Stockfish,gpt-3.5-turbo-instruct,1785,?,0-1,88,1,0,0.4,False,False,,games-repro/game2c3cd2b4-3da2-4b58-9a10-d9e973b17c50,True
275,Stockfish,gpt-3.5-turbo-instruct,1785,?,0-1,126,1,0,0.5,False,False,,games-repro/game517026ca-1d00-4114-99e1-7a39752a426b,True
276,Stockfish,gpt-3.5-turbo-instruct,1785,?,*,51,1,0,0.6,False,True,1-0,games-repro/game2b10e00e-716f-4e3f-8366-88e1122be768,True
277,Stockfish,gpt-3.5-turbo-instruct,1785,?,1-0,95,1,0,0.7,False,False,,games-repro/gamefad85b59-5751-4dfa-be5c-ed7e919885ec,True
278,Stockfish,gpt-3.5-turbo-instruct,1785,?,*,69,1,0,0.9,False,True,1-0,games-repro/game1f13c866-5d20-4ddd-a8b7-4efbe993c25d,True
279,Stockfish,gpt-3.5-turbo-instruct,1785,?,*,59,1,0,1.0,False,True,1-0,games-repro/game86c0666a-c4cb-4e7e-a701-24c00859b6b4,True
280,Stockfish,gpt-3.5-turbo-instruct,1785,?,0-1,84,1,0,0.1,False,False,,games-repro/game7d71bee2-436a-4fd7-87dc-d17de7850591,True
281,Stockfish,gpt-3.5-turbo-instruct,1785,?,*,109,1,0,0.2,False,True,1-0,games-repro/gamed3773811-aae4-41cc-8641-57bd5aa8e56a,True
282,Stockfish,gpt-3.5-turbo-instruct,1785,?,0-1,76,1,0,0.3,False,False,,games-repro/game68ff2214-0d8c-48a8-8c18-e0edd196e352,True
283,Stockfish,gpt-3.5-turbo-instruct,1785,?,*,81,1,0,0.4,False,True,1-0,games-repro/gameb0f6e47a-0385-4cd2-a9a5-ff74d196fb36,True
284,Stockfish,gpt-3.5-turbo-instruct,1785,?,0-1,108,1,0,0.5,False,False,,games-repro/game57a1186d-51d0-4586-9975-1a6ccaa366be,True
285,Stockfish,gpt-3.5-turbo-instruct,1785,?,1-0,185,1,0,0.6,False,False,,games-repro/gameac2d830b-1a77-45c1-bba6-35dca482e573,True
286,Stockfish,gpt-3.5-turbo-instruct,1785,?,*,127,1,0,0.7,False,True,1-0,games-repro/game4922d835-5d13-4a1e-94f1-07e3c9ed3316,True
287,Stockfish,gpt-3.5-turbo-instruct,1785,?,*,29,1,0,0.9,False,True,-O,games-repro/gamee72990f3-e730-45fc-b9fc-4f9f982c5a64,True
288,Stockfish,gpt-3.5-turbo-instruct,1785,?,0-1,158,1,0,1.0,False,False,,games-repro/gamefec3a5e6-649d-4250-bef1-422e9763296d,True
289,Stockfish,gpt-3.5-turbo-instruct,1785,?,1-0,165,1,0,0.1,False,False,,games-repro/game2c8b65e7-bf39-4d39-9609-76ade172a212,True
290,Stockfish,gpt-3.5-turbo-instruct,1785,?,0-1,122,1,0,0.2,False,False,,games-repro/gamecaa205e4-e114-4628-8f71-2caf12c2c1e0,True
291,Stockfish,gpt-3.5-turbo-instruct,1785,?,0-1,52,1,0,0.3,False,False,,games-repro/gamefdebc34f-cb54-4100-b245-6589c050ed9d,True
292,Stockfish,gpt-3.5-turbo-instruct,1785,?,*,43,1,0,0.4,False,True,1-0,games-repro/gamed97a84cf-14f1-4d23-be9b-d7bbf1e8aa8b,True
293,Stockfish,gpt-3.5-turbo-instruct,1785,?,0-1,80,1,0,0.5,False,False,,games-repro/gamef5dc3b54-fa37-4f0e-942e-de1b9904cde3,True
294,Stockfish,gpt-3.5-turbo-instruct,1785,?,*,139,1,0,0.6,False,True,1-0,games-repro/game82c8cb16-4f9c-4277-8766-f803e54c7bed,True
295,Stockfish,gpt-3.5-turbo-instruct,1785,?,*,71,1,0,0.7,False,True,Ra1,games-repro/game6d340a49-c671-4b83-ade2-dd4b421090f7,True
296,Stockfish,gpt-3.5-turbo-instruct,1785,?,1-0,51,1,0,0.9,False,False,,games-repro/game3e6380b9-0323-4514-92f3-2cf2968f8ee7,True
297,Stockfish,gpt-3.5-turbo-instruct,1785,?,1-0,127,1,0,1.0,False,False,,games-repro/game33071542-c040-41e2-a0dd-a18774d3c15b,True
298,Stockfish,gpt-3.5-turbo-instruct,1785,?,0-1,102,1,0,0.1,False,False,,games-repro/gamee0ae6788-2397-479a-84e5-75c6cf16649c,True
299,Stockfish,gpt-3.5-turbo-instruct,1785,?,*,29,1,0,0.2,False,True,-O,games-repro/game8a68ff45-8f22-4290-a136-b07c70e1b43a,True
300,Stockfish,gpt-3.5-turbo-instruct,1785,?,0-1,68,1,0,0.3,False,False,,games-repro/game49172555-aea0-4a4d-b211-480f96888181,True
301,Stockfish,gpt-3.5-turbo-instruct,1785,?,*,115,1,0,0.4,False,True,1-0,games-repro/game0480eaf8-0c4c-4fc6-ae8f-e1eeb90df6c4,True
302,Stockfish,gpt-3.5-turbo-instruct,1785,?,*,193,1,0,0.5,False,True,1-0,games-repro/gameda7118ca-6fe6-4984-ba89-1465d7e393cd,True
303,Stockfish,gpt-3.5-turbo-instruct,1785,?,1-0,53,1,0,0.6,False,False,,games-repro/game3102a131-f555-4249-83f6-101a393886eb,True
304,Stockfish,gpt-3.5-turbo-instruct,1785,?,0-1,106,1,0,0.7,False,False,,games-repro/gamed1866eda-0f72-4b95-b500-b1e75980096e,True
305,Stockfish,gpt-3.5-turbo-instruct,1785,?,1-0,129,1,0,0.9,False,False,,games-repro/game82b79caa-6e56-4ee5-aa30-5e922e0e62b6,True
306,Stockfish,gpt-3.5-turbo-instruct,1785,?,1-0,103,1,0,1.0,False,False,,games-repro/gamee4628c80-d545-4d93-8e68-eeacc99f8f64,True
307,Stockfish,gpt-3.5-turbo-instruct,1785,?,1/2-1/2,122,1,0,0.1,False,False,,games-repro/game5bc4a692-9e4a-460f-81a3-e57444630838,True
308,Stockfish,gpt-3.5-turbo-instruct,1785,?,0-1,116,1,0,0.2,False,False,,games-repro/game221878fd-9034-4d5e-80eb-15cee6ae82d2,True
309,Stockfish,gpt-3.5-turbo-instruct,1785,?,0-1,112,1,0,0.3,False,False,,games-repro/gamec52c9e0b-5421-43a6-bdbc-87fa0a292f3b,True
310,Stockfish,gpt-3.5-turbo-instruct,1785,?,*,89,1,0,0.4,False,True,1-0,games-repro/game9659ce8f-93cd-41e8-a206-fe33e21b5cea,True
311,Stockfish,gpt-3.5-turbo-instruct,1785,?,0-1,128,1,0,0.5,False,False,,games-repro/gamee906ea32-da7a-49af-8e82-9c9c55beb4d3,True
312,Stockfish,gpt-3.5-turbo-instruct,1785,?,0-1,94,1,0,0.6,False,False,,games-repro/game9a6df097-3f38-4b17-997a-5d2df55c73e2,True
313,Stockfish,gpt-3.5-turbo-instruct,1785,?,*,89,1,0,0.7,False,True,1/2-,games-repro/gamef5f6349b-4842-46f6-b65d-00021d9c36d6,True
314,Stockfish,gpt-3.5-turbo-instruct,1785,?,*,109,1,0,0.9,False,True,1-0,games-repro/gamea143873b-8eab-400a-9ffd-a14cb7128e3b,True
315,Stockfish,gpt-3.5-turbo-instruct,1785,?,1-0,105,1,0,1.0,False,False,,games-repro/gamede249902-b59f-435e-8c72-d6abd718bdda,True
316,Stockfish,gpt-3.5-turbo-instruct,1785,?,1-0,165,1,0,0.1,False,False,,games-repro/gamee2fb62c9-25bc-4a26-9a04-74131206009e,True
317,Stockfish,gpt-3.5-turbo-instruct,1785,?,*,79,1,0,0.2,False,True,1-0,games-repro/game1ac4159a-e51c-4a3c-aa08-ffb78726ca5d,True
318,Stockfish,gpt-3.5-turbo-instruct,1785,?,*,73,1,0,0.3,False,True,1-0,games-repro/gamee490f499-d8d7-45b5-a155-189df507f74c,True
319,Stockfish,gpt-3.5-turbo-instruct,1785,?,*,137,1,0,0.4,False,True,1-0,games-repro/gamea286f599-bd26-4c82-bba1-664689530dca,True
320,Stockfish,gpt-3.5-turbo-instruct,1785,?,*,139,1,0,0.5,False,True,Ke5,games-repro/gameff6d6900-832a-4017-b8f2-f34a363b0eaf,True
321,Stockfish,gpt-3.5-turbo-instruct,1785,?,1-0,267,1,0,0.6,False,False,,games-repro/gamefad1908a-249b-48a3-9b04-71bf93f73f07,True
322,Stockfish,gpt-3.5-turbo-instruct,1785,?,1-0,71,1,0,0.7,False,False,,games-repro/game91e9855b-a52d-4c13-9239-cc7c64cb3ca0,True
323,Stockfish,gpt-3.5-turbo-instruct,1785,?,*,81,1,0,0.9,False,True,1-0,games-repro/game71b55d0b-16ca-430f-9709-69887da4ec84,True
324,Stockfish,gpt-3.5-turbo-instruct,1785,?,*,83,1,0,1.0,False,True,1-0,games-repro/gamec5de7827-1fde-4e8d-883b-18c458293c8a,True
325,Stockfish,gpt-3.5-turbo-instruct,1785,?,0-1,70,1,0,0.1,False,False,,games-repro/game3c9d7b58-a696-47a0-a1cc-32f0ece9c192,True
326,Stockfish,gpt-3.5-turbo-instruct,1785,?,0-1,112,1,0,0.2,False,False,,games-repro/gamed3f4473a-794a-4b32-8d58-111a15b86c7f,True
327,Stockfish,gpt-3.5-turbo-instruct,1785,?,0-1,82,1,0,0.3,False,False,,games-repro/gamef59073e1-41f0-425b-a5ff-8dc9f6726924,True
328,Stockfish,gpt-3.5-turbo-instruct,1785,?,1-0,111,1,0,0.4,False,False,,games-repro/game281007b5-db39-40a6-ab6f-9338b00e44f4,True
329,Stockfish,gpt-3.5-turbo-instruct,1785,?,*,125,1,0,0.5,False,True,1-0,games-repro/game4ffe9c5c-d8a9-47cf-8c71-39e4c76ba34b,True
330,Stockfish,gpt-3.5-turbo-instruct,1785,?,0-1,92,1,0,0.6,False,False,,games-repro/gamef74395ed-af9c-4a2f-992e-3f786dcd5ef1,True
331,Stockfish,gpt-3.5-turbo-instruct,1785,?,*,87,1,0,0.7,False,True,1-0,games-repro/game59256cdb-1331-46b6-a813-76b7a851c0d9,True
332,Stockfish,gpt-3.5-turbo-instruct,1785,?,1-0,63,1,0,0.9,False,False,,games-repro/game748dbb96-fbaa-4046-b27e-c769ef52cd79,True
333,Stockfish,gpt-3.5-turbo-instruct,1785,?,*,73,1,0,1.0,False,True,1-0,games-repro/gamee2557cd6-a91b-4c68-a146-ccb6d65da217,True
334,Stockfish,gpt-3.5-turbo-instruct,1785,?,1/2-1/2,123,1,0,0.1,False,False,,games-repro/game556dda48-fedc-4467-9a50-1c003ad725ad,True
335,Stockfish,gpt-3.5-turbo-instruct,1785,?,1/2-1/2,135,1,0,0.2,False,False,,games-repro/game810d6551-f655-44f5-965d-739a36f3a14d,True
336,Stockfish,gpt-3.5-turbo-instruct,1785,?,1-0,63,1,0,0.3,False,False,,games-repro/gamedce58366-3c12-4907-b674-2f9056b23a46,True
337,Stockfish,gpt-3.5-turbo-instruct,1785,?,0-1,106,1,0,0.4,False,False,,games-repro/gamee587651c-7716-4ef4-a1ac-f511def8b415,True
338,Stockfish,gpt-3.5-turbo-instruct,1785,?,1/2-1/2,182,1,0,0.5,False,False,,games-repro/game6173ce63-5728-42cb-97db-3753b1802d77,True
339,Stockfish,gpt-3.5-turbo-instruct,1785,?,*,169,1,0,0.6,False,True,1-0,games-repro/gameb81af647-6733-4dda-911e-3f48ab7c8c60,True
340,Stockfish,gpt-3.5-turbo-instruct,1785,?,0-1,76,1,0,0.7,False,False,,games-repro/game1fc523b0-5b85-4789-8ffd-27fe4d02e78d,True
341,Stockfish,gpt-3.5-turbo-instruct,1785,?,*,147,1,0,0.9,False,True,1-0,games-repro/game12eafcbb-67a6-466f-a369-7fd9f3ef083a,True
342,Stockfish,gpt-3.5-turbo-instruct,1785,?,*,89,1,0,1.0,False,True,1-0,games-repro/game0f05d2d4-7314-4581-b182-ad8f86448e72,True
343,Stockfish,gpt-3.5-turbo-instruct,1785,?,0-1,44,1,0,0.1,False,False,,games-repro/gamee7635ed0-4284-4465-92b8-9472ec5558b8,True
344,Stockfish,gpt-3.5-turbo-instruct,1785,?,1-0,145,1,0,0.2,False,False,,games-repro/gameb04b42f3-c72e-4a3b-9382-9f8789253862,True
345,Stockfish,gpt-3.5-turbo-instruct,1785,?,1-0,109,1,0,0.3,False,False,,games-repro/game3a99f368-a09a-407d-a403-6b728d4e08a9,True
346,Stockfish,gpt-3.5-turbo-instruct,1785,?,0-1,134,1,0,0.4,False,False,,games-repro/game62b53cd7-afd7-4828-93cf-30030fdf9d50,True
347,Stockfish,gpt-3.5-turbo-instruct,1785,?,0-1,100,1,0,0.5,False,False,,games-repro/gamea1c44c6c-6b42-40cd-b308-d67537958e95,True
348,Stockfish,gpt-3.5-turbo-instruct,1785,?,*,79,1,0,0.6,False,True,1-0,games-repro/game7f8dff99-09db-4a84-84ff-cee8b514548f,True
349,Stockfish,gpt-3.5-turbo-instruct,1785,?,*,113,1,0,0.7,False,True,1-0,games-repro/gamecedc109d-9744-41d7-b3b6-c097e48bf248,True
350,Stockfish,gpt-3.5-turbo-instruct,1785,?,1-0,39,1,0,0.9,False,False,,games-repro/game112344de-c1eb-4800-98e6-46df2dcc96e5,True
351,Stockfish,gpt-3.5-turbo-instruct,1785,?,1-0,65,1,0,1.0,False,False,,games-repro/gameb376aaa7-1bd3-4fa7-bc29-37a3fc25264d,True
352,Stockfish,gpt-3.5-turbo-instruct,1785,?,0-1,46,1,0,0.1,False,False,,games-repro/game8a05f5ca-5177-4a0d-bcb0-4270a01519c2,True
353,Stockfish,gpt-3.5-turbo-instruct,1785,?,0-1,80,1,0,0.2,False,False,,games-repro/game90e978c5-a6cd-46cf-9291-9bccb7c79d97,True
354,Stockfish,gpt-3.5-turbo-instruct,1785,?,0-1,138,1,0,0.3,False,False,,games-repro/game968717df-46be-4d72-abae-67e66c1487db,True
355,Stockfish,gpt-3.5-turbo-instruct,1785,?,*,99,1,0,0.4,False,True,1-0,games-repro/gameb1ad7234-af20-44c1-8e0b-7111e75101b6,True
356,Stockfish,gpt-3.5-turbo-instruct,1785,?,1-0,159,1,0,0.5,False,False,,games-repro/game08a727bf-d072-49c7-88d9-62541ec1ef7b,True
357,Stockfish,gpt-3.5-turbo-instruct,1785,?,*,103,1,0,0.6,False,True,1-0,games-repro/gamea486e20e-8147-428a-98d2-69e238548f43,True
358,Stockfish,gpt-3.5-turbo-instruct,1785,?,1-0,119,1,0,0.7,False,False,,games-repro/game08cb8577-7877-4216-a9e6-b371c33f1fdf,True
359,Stockfish,gpt-3.5-turbo-instruct,1785,?,1-0,73,1,0,0.9,False,False,,games-repro/game4974f1c4-c67e-4916-8385-609d74b8b070,True
360,Stockfish,gpt-3.5-turbo-instruct,1785,?,*,37,1,0,1.0,False,True,-O,games-repro/gamec9e2799c-bfe9-4956-83ca-aad85653cdde,True
361,Stockfish,gpt-3.5-turbo-instruct,1785,?,0-1,48,1,0,0.1,False,False,,games-repro/game4855d52d-858b-4373-88ba-1423d0849d8b,True
362,Stockfish,gpt-3.5-turbo-instruct,1785,?,0-1,142,1,0,0.2,False,False,,games-repro/gamee7a28274-239c-4dee-ab0f-ecb62c8cee4a,True
363,Stockfish,gpt-3.5-turbo-instruct,1785,?,0-1,118,1,0,0.3,False,False,,games-repro/gamedc5b07a0-00b8-43cc-8d73-52a632d7ae8f,True
364,Stockfish,gpt-3.5-turbo-instruct,1785,?,0-1,72,1,0,0.4,False,False,,games-repro/gamed847c608-716c-4ac5-826a-ff84eb3629f5,True
365,Stockfish,gpt-3.5-turbo-instruct,1785,?,*,1,1,0,0.5,False,True,{This,games-repro/game106d9f24-82f5-470c-9ed8-7cb46a2d0670,True
366,Stockfish,gpt-3.5-turbo-instruct,1785,?,1-0,125,1,0,0.6,False,False,,games-repro/gamec9f4652b-4757-4013-899d-6e0550d6dd36,True
367,Stockfish,gpt-3.5-turbo-instruct,1785,?,*,111,1,0,0.7,False,True,1-0,games-repro/game907ae68e-fc98-4a34-aa43-d1c95826ad8f,True
368,Stockfish,gpt-3.5-turbo-instruct,1785,?,*,3,1,0,0.9,False,True,{The,games-repro/gameb1461c29-5dae-4d4a-8c4b-d1948866571c,True
369,Stockfish,gpt-3.5-turbo-instruct,1785,?,*,149,1,0,1.0,False,True,a,games-repro/game5aa7d40f-8e64-49d5-8127-83b060816598,True
370,Stockfish,gpt-3.5-turbo-instruct,1597,?,*,55,1,0,0.9,False,True,1-0,games-repro/gamed7a5e93b-2a94-4017-a8d8-5af805ab74f7,True
371,Stockfish,gpt-3.5-turbo-instruct,1597,?,1/2-1/2,177,1,0,0.9,False,False,,games-repro/game7377fef2-cd80-4fe1-9e45-5ec0b8347315,True
372,Stockfish,gpt-3.5-turbo-instruct,1597,?,*,1,1,0,0.9,False,True,Cc6,games-repro/gameb32e707e-b181-43b3-a625-59065086535e,True
373,Stockfish,gpt-3.5-turbo-instruct,1597,?,*,101,1,0,0.9,False,True,1-0,games-repro/game9dbdfa6a-e976-4c30-82db-8278474a432d,True
374,Stockfish,gpt-3.5-turbo-instruct,1597,?,*,1,1,0,0.9,False,True,{,games-repro/game44b45e39-fbfc-4d02-9b19-ce32c5f17165,True
375,Stockfish,gpt-3.5-turbo-instruct,1597,?,*,99,1,0,0.9,False,True,1-0`,games-repro/game4f51f1c1-a108-4d07-9f69-c52eaa247440,True
376,Stockfish,gpt-3.5-turbo-instruct,1597,?,0-1,134,1,0,0.9,False,False,,games-repro/game89572a5e-828f-4b65-b63c-0c200c25e30d,True
377,Stockfish,gpt-3.5-turbo-instruct,1597,?,*,1,1,0,0.9,False,True,{This,games-repro/game8239facd-0657-41cb-a771-d8620d0a811f,True
378,Stockfish,gpt-3.5-turbo-instruct,1597,?,1/2-1/2,148,1,0,0.9,False,False,,games-repro/game262490e9-25cb-4f75-a7a4-e599a84b4245,True
379,Stockfish,gpt-3.5-turbo-instruct,1597,?,1-0,39,1,0,0.9,False,False,,games-repro/game2c3a95d5-8f78-4ffc-befd-2a560003233c,True
380,Stockfish,gpt-3.5-turbo-instruct,1597,?,*,1,1,0,0.9,False,True,{[%emt,games-repro/gamefb935382-efcd-46ff-bd0f-b447acd3c4bf,True
381,Stockfish,gpt-3.5-turbo-instruct,1597,?,0-1,118,1,0,0.9,False,False,,games-repro/gamef3ba558c-2b0b-4b26-aa35-401e2595d5cb,True
382,Stockfish,gpt-3.5-turbo-instruct,1597,?,*,15,1,0,0.9,False,True,($142,games-repro/game8d41f1c4-bb08-467c-9d4a-bbe115f9388d,True
383,Stockfish,gpt-3.5-turbo-instruct,1597,?,0-1,96,1,0,0.9,False,False,,games-repro/gamed35473a3-478e-4cff-b948-3330db07d14f,True
384,Stockfish,gpt-3.5-turbo-instruct,1597,?,1-0,47,1,0,0.9,False,False,,games-repro/gamef507eb6a-8287-4486-98de-5deee8df78c3,True
385,Stockfish,gpt-3.5-turbo-instruct,1597,?,0-1,54,1,0,0.9,False,False,,games-repro/game3f415c9c-80b6-45e2-bf8e-65dad598fce2,True
386,Stockfish,gpt-3.5-turbo-instruct,1597,?,1-0,65,1,0,0.9,False,False,,games-repro/gameb2ec8fee-e06d-4be5-a6a0-c6dca6529d82,True
387,Stockfish,gpt-3.5-turbo-instruct,1597,?,*,95,1,0,0.9,False,True,1-0,games-repro/game1778ba1b-a935-427f-b9d2-f06b8eda020f,True
388,Stockfish,gpt-3.5-turbo-instruct,1597,?,*,1,1,0,0.9,False,True,{[%clk,games-repro/gamec8b8dee7-d49a-4635-817d-c6a8037e6a37,True
389,Stockfish,gpt-3.5-turbo-instruct,1597,?,0-1,90,1,0,0.9,False,False,,games-repro/game62a2c924-9a62-4eb4-b248-9a495e0abc05,True
